{
  "model_name": "GradientBoosting",
  "trained_at": "2026-03-08T11:57:32.951056",
  "metrics": {
    "train_rmse": 203302.74985054327,
    "train_mae": 132662.32796765922,
    "train_r2": 0.7091054810551838,
    "train_mse": 41332008096.79257,
    "test_rmse": 1009220.7913915453,
    "test_mae": 228128.07365388703,
    "test_r2": 0.0012940521116809878,
    "test_mse": 1018526605776.9769
  },
  "features": [
    "bedrooms",
    "bathrooms",
    "sqft_living",
    "sqft_lot",
    "floors",
    "waterfront",
    "view",
    "condition",
    "sqft_above",
    "sqft_basement",
    "yr_built",
    "yr_renovated"
  ],
  "hyperparameters": {
    "n_estimators": 100,
    "max_depth": 5,
    "learning_rate": 0.1,
    "random_state": 42
  }
}